{
  "blockId": "z5BaUsPoN6LUFqu3Hptsm",
  "name": "auth_fe_container",
  "type": "ui-container",
  "source": {
    "https": "https://github.com/frederic-neo/admin_dash.git",
    "ssh": "git@github.com:frederic-neo/admin_dash.git",
    "branch": "block_auth_fe_container"
  },
  "parentBlockIDs": [
    "sFwOS1scU3FbesfqurFKa",
    "0uS29NyaNJuHJOb_Dbrus"
  ],
  "repoType": "mono",
  "language": "js",
  "supportedAppblockVersions": [
    "1.0.0"
  ],
  "isPublic": false,
  "start": "npx webpack-dev-server",
  "build": "npx webpack",
  "version": "0.0.1",
  "versionId": "5kvhdZFdDz1goibR17Y-l",
  "variantOf": "5kvhdZFdDz1goibR17Y-l"
}