{
  "blockId": "x2trIOFQzHi0qH76KvO3X",
  "name": "auth_fe_verify_email",
  "type": "ui-elements",
  "source": {
    "https": "https://github.com/frederic-neo/admin_dash.git",
    "ssh": "git@github.com:frederic-neo/admin_dash.git",
    "branch": "block_auth_fe_verify_email"
  },
  "parentBlockIDs": [
    "sFwOS1scU3FbesfqurFKa",
    "0uS29NyaNJuHJOb_Dbrus"
  ],
  "repoType": "mono",
  "language": "js",
  "supportedAppblockVersions": [
    "1.0.0"
  ],
  "isPublic": false,
  "start": "npx webpack-dev-server",
  "build": "npx webpack",
  "version": "0.0.1",
  "versionId": "YCaQzUQ92yYc9-G4wMHiK",
  "variantOf": "YCaQzUQ92yYc9-G4wMHiK"
}