{
  "blockId": "PIVLo-uyZ6K34OUTVSUzS",
  "name": "auth_be_send_otp_for_verification",
  "type": "function",
  "source": {
    "https": "https://github.com/frederic-neo/admin_dash.git",
    "ssh": "git@github.com:frederic-neo/admin_dash.git",
    "branch": "block_auth_be_send_otp_for_verification"
  },
  "parentBlockIDs": [
    "sFwOS1scU3FbesfqurFKa",
    "0uS29NyaNJuHJOb_Dbrus"
  ],
  "repoType": "mono",
  "language": "nodejs",
  "supportedAppblockVersions": [
    "1.0.0"
  ],
  "isPublic": false,
  "start": "node index.js",
  "version": "0.0.1",
  "versionId": "Nfa9yVP_4cwRnERtPSsux",
  "variantOf": "Nfa9yVP_4cwRnERtPSsux"
}