{
  "blockId": "L0GeObc1rl63vtfnnjqmq",
  "name": "auth_fe_login",
  "type": "ui-elements",
  "source": {
    "https": "https://github.com/frederic-neo/admin_dash.git",
    "ssh": "git@github.com:frederic-neo/admin_dash.git",
    "branch": "block_auth_fe_login"
  },
  "parentBlockIDs": [
    "sFwOS1scU3FbesfqurFKa",
    "0uS29NyaNJuHJOb_Dbrus"
  ],
  "repoType": "mono",
  "language": "js",
  "supportedAppblockVersions": [
    "1.0.0"
  ],
  "isPublic": false,
  "start": "npx webpack-dev-server",
  "build": "npx webpack",
  "version": "0.0.1",
  "versionId": "h-uQp2aiL5ZFwW_C7Y9Uy",
  "variantOf": "h-uQp2aiL5ZFwW_C7Y9Uy"
}