{
  "blockId": "Ozb1dP5DiSgXyuJig-cFZ",
  "name": "auth_be_verify_otp",
  "type": "function",
  "source": {
    "https": "https://github.com/frederic-neo/admin_dash.git",
    "ssh": "git@github.com:frederic-neo/admin_dash.git",
    "branch": "block_auth_be_verify_otp"
  },
  "parentBlockIDs": [
    "sFwOS1scU3FbesfqurFKa",
    "0uS29NyaNJuHJOb_Dbrus"
  ],
  "repoType": "mono",
  "language": "nodejs",
  "supportedAppblockVersions": [
    "1.0.0"
  ],
  "isPublic": false,
  "start": "node index.js",
  "version": "0.0.1",
  "versionId": "Oi3nwAZ5wp_I8pQFqhKVA",
  "variantOf": "Oi3nwAZ5wp_I8pQFqhKVA"
}