{
  "blockId": "_eM68ZRqnx1CV3GkYQGil",
  "name": "auth_fe_reset_password",
  "type": "ui-elements",
  "source": {
    "https": "https://github.com/frederic-neo/admin_dash.git",
    "ssh": "git@github.com:frederic-neo/admin_dash.git",
    "branch": "block_auth_fe_reset_password"
  },
  "parentBlockIDs": [
    "sFwOS1scU3FbesfqurFKa",
    "0uS29NyaNJuHJOb_Dbrus"
  ],
  "repoType": "mono",
  "language": "js",
  "supportedAppblockVersions": [
    "1.0.0"
  ],
  "isPublic": false,
  "start": "npx webpack-dev-server",
  "build": "npx webpack",
  "version": "0.0.1",
  "versionId": "tFcyTNWkIIboa1Z_OaJXQ",
  "variantOf": "tFcyTNWkIIboa1Z_OaJXQ"
}