{
	"appblockVersion": [
		"1.0.0"
	],
	"gitTarget": "org git",
	"gitVisibility": "PUBLIC",
	"gitDescription": "Authentication blocks",
	"blockNamingStrategyFnBody": "let i = 0;if (original !== lastTried){ i = parseInt(lastTried.split('_').pop(), 10)};return `${original}_${i + 1}`",
	"blockNamingStrategyFnArgs": [
		"original",
		"lastTried"
	],
	"prismaSchemaFolderPath": "auth_be_shared/prisma",
	"defaultBranch": "main",
	"localGitName": "joyalneo",
	"localGitEmail": "joyal@neoito.com",
	"currentSpaceName": "neoito_hub",
	"currentSpaceId": "iKLWWMnNJB5iPhG95gPsQ"
}